{
    "faces": [
       
        {
            "vertices": [
              {
                  "x": -0.8,
                  "y": 0.599999964,
                  "z": 0.0
                },
                {
                  "x": 0.8,
                  "y": 0.599999964,
                  "z": 0.0
                },
                {
                  "x":0.8,
                  "y": -0.8,
                  "z": 0.0
                },
                {
                   "x": -0.8,
                  "y": -0.599999964,
                  "z": 0.0
                }
            ],
            "color": {
                "x": 1.0,
                "y": 1.0,
                "z": 1.0
            }
        }
    ]
}